,0,1,2,3,4,5,6,7,8,9,10,11,12,13,14,15,16,17
1,9,9,56,63,66,64,70,73,68,68,88,127,179,195,240,323,549,669
2,127,106,64,74,112,215,234,214,192,181,195,190,190,318,429,346,120,0
3,533,554,549,532,491,390,365,382,409,420,386,352,300,156,0,0,0,0
1,0,0,227,305,459,613,765,849,785,787,944,1256,1625,2072,2831,4952,6002,6002
2,565,399,244,386,603,1491,1732,2186,2247,1867,2674,4454,4077,3405,3171,1050,0,0
3,5437,5603,5531,5311,4940,3898,3505,2967,2970,3348,2384,292,300,525,0,0,0,0
1,0,0,26,41,43,49,56,55,46,46,57,70,103,131,213,399,653,713
2,116,70,64,69,91,112,126,147,154,176,232,321,482,450,428,314,60,0
3,597,643,623,603,579,552,531,511,513,491,424,322,128,132,72,0,0,0
1,0,0,0,0,0,0,0,0,0,0,0,0,0,0,0,0,0,0
2,0,0,0,0,0,0,0,0,0,0,0,0,0,0,0,0,0,0
3,0,0,0,0,0,0,0,0,0,0,0,0,0,0,0,0,0,0
1,0,0,190,266,266,266,266,266,266,266,266,266,266,266,266,266,266,266
2,266,266,76,0,0,0,0,0,0,0,0,0,0,0,0,0,0,0
3,0,0,0,0,0,0,0,0,0,0,0,0,0,0,0,0,0,0
1,0,0,44,57,86,98,104,102,68,68,68,82,117,158,240,385,792,792
2,128,108,82,111,157,192,227,229,231,125,219,314,532,634,552,407,0,0
3,664,684,666,624,549,502,461,461,493,599,505,396,143,0,0,0,0,0
1,0,0,111,139,171,201,239,295,337,337,359,399,445,519,757,1099,1099,1099
2,508,285,154,168,218,310,518,462,402,294,665,700,654,580,342,0,0,0
3,591,814,834,792,710,588,342,342,360,468,75,0,0,0,0,0,0,0
1,0,0,40,55,72,74,72,74,62,62,73,85,97,113,153,265,265,265
2,125,101,57,50,49,91,113,111,119,75,92,124,168,152,112,0,0,0
3,140,164,168,160,144,100,80,80,84,128,100,56,0,0,0,0,0,0
1,0,0,552,486,414,422,434,445,368,368,526,692,939,2191,3502,5020,5020,5020
2,1186,1028,495,414,577,1658,3019,2992,3055,2828,4494,4328,4081,2829,1518,0,0,0
3,3834,3992,3973,4120,4029,2940,1567,1583,1597,1824,0,0,0,0,0,0,0,0
1,0,0,164,562,1581,2283,2283,1667,589,435,435,435,743,1051,2129,2283,2283,2283
2,2218,1189,1261,1721,702,0,0,616,1694,1848,1386,1848,1540,1232,154,0,0,0
3,65,1094,858,0,0,0,0,0,0,0,462,0,0,0,0,0,0,0
1,0,0,30,92,162,382,412,412,412,412,312,312,272,272,332,412,412,412
2,362,132,162,220,250,30,0,0,0,0,100,100,140,140,80,0,0,0
3,50,280,220,100,0,0,0,0,0,0,0,0,0,0,0,0,0,0
1,0,0,72,94,98,98,99,108,104,104,135,170,240,320,488,1128,1857,1857
2,165,130,63,47,103,262,279,286,290,321,474,1260,1320,1537,1369,729,0,0
3,1692,1727,1722,1716,1656,1497,1479,1463,1463,1432,1248,427,297,0,0,0,0,0
1,0,0,168,168,168,168,168,168,168,168,168,168,168,168,168,168,168,168
2,168,168,0,0,0,0,0,0,0,0,0,0,0,0,0,0,0,0
3,0,0,0,0,0,0,0,0,0,0,0,0,0,0,0,0,0,0
1,0,0,88,93,97,122,125,155,161,161,204,267,361,448,619,963,2047,2263
2,160,127,66,91,128,384,408,367,361,380,482,911,1777,1815,1644,1300,216,0
3,2103,2136,2109,2079,2038,1757,1730,1741,1741,1722,1577,1085,125,0,0,0,0,0
1,0,0,62,111,116,162,164,168,208,208,213,313,463,564,1215,2437,3424,3424
2,231,174,115,121,168,307,494,541,500,636,1331,1933,2646,2860,2209,987,0,0
3,3193,3250,3247,3192,3140,2955,2766,2715,2716,2580,1880,1178,315,0,0,0,0,0
1,0,0,54,55,56,57,57,82,82,82,108,134,161,237,352,675,1109,1493
2,157,88,61,80,108,138,212,210,210,231,310,483,726,1040,1141,818,384,0
3,1336,1405,1378,1358,1329,1298,1224,1201,1201,1180,1075,876,606,216,0,0,0,0
1,0,0,98,99,101,102,148,164,175,176,232,327,508,728,1139,1657,2872,3774
2,269,205,142,183,473,628,690,807,797,836,1077,1455,1649,2677,2635,2117,902,0
3,3505,3569,3534,3492,3200,3044,2936,2803,2802,2762,2465,1992,1617,369,0,0,0,0
1,0,0,124,128,163,169,170,202,197,197,246,300,409,500,681,1345,2349,2533
2,350,223,132,183,249,333,538,612,618,430,534,937,1458,1857,1852,1188,184,0
3,2183,2310,2277,2222,2121,2031,1825,1719,1718,1906,1753,1296,666,176,0,0,0,0
1,0,0,331,464,528,597,730,937,922,922,1203,1277,1425,1499,1795,2757,3719,3719
2,761,652,385,464,714,1005,1303,1373,1343,1021,1036,1628,2294,2220,1924,962,0,0
3,2958,3067,3003,2791,2477,2117,1686,1409,1454,1776,1480,814,0,0,0,0,0,0
1,0,0,216,292,406,482,482,482,482,482,482,482,482,482,482,482,482,482
2,482,406,266,190,76,0,0,0,0,0,0,0,0,0,0,0,0,0
3,0,76,0,0,0,0,0,0,0,0,0,0,0,0,0,0,0,0
1,0,0,68,84,123,149,171,180,159,151,195,224,274,340,488,770,1458,1796
2,219,155,111,156,218,473,509,482,404,310,379,477,533,1156,1308,1026,338,0
3,1577,1641,1617,1556,1455,1174,1116,1134,1233,1335,1222,1095,989,300,0,0,0,0
1,2,2,321,338,429,491,555,620,672,669,881,1036,1335,1558,2572,3168,3969,3969
2,653,566,261,400,542,849,1211,1430,1374,1552,2196,2487,2560,2411,1397,801,0,0
3,3314,3401,3387,3231,2998,2629,2203,1919,1923,1748,892,446,74,0,0,0,0,0
1,0,0,87,128,140,145,144,164,135,135,167,217,277,375,521,781,1784,2050
2,253,191,127,136,237,349,418,433,450,376,419,747,1104,1507,1529,1269,266,0
3,1797,1859,1836,1786,1673,1556,1488,1453,1465,1539,1464,1086,669,168,0,0,0,0
1,4,4,61,117,167,219,281,329,325,322,366,441,513,567,693,1035,1179,1179
2,219,160,137,151,210,251,286,292,296,299,381,666,666,612,486,144,0,0
3,956,1015,981,911,802,709,612,558,558,558,432,72,0,0,0,0,0,0
1,0,0,107,141,168,171,194,225,250,250,288,352,447,547,751,1131,1751,1751
2,289,205,99,172,195,273,422,509,484,581,700,1174,1224,1204,1000,620,0,0
3,1462,1546,1545,1438,1388,1307,1135,1017,1017,920,763,225,80,0,0,0,0,0
1,0,0,116,173,182,186,194,253,244,244,316,433,647,769,1249,2624,4035,4989
2,335,253,202,271,484,601,757,800,799,846,1696,2309,2723,4220,3740,2365,954,0
3,4654,4736,4671,4545,4323,4202,4038,3936,3946,3899,2977,2247,1619,0,0,0,0,0
1,0,0,254,327,360,400,476,547,536,536,722,930,1295,1900,2429,3453,5031,5031
2,720,579,329,430,817,919,1273,1508,1513,1700,2061,4101,3736,3131,2602,1578,0,0
3,4311,4452,4448,4274,3854,3712,3282,2976,2982,2795,2248,0,0,0,0,0,0,0
1,0,0,55,94,131,166,171,210,176,176,257,379,510,675,966,1638,2394,2394
2,231,143,162,210,267,399,606,653,687,710,993,1327,1704,1719,1428,756,0,0
3,2163,2251,2177,2090,1996,1829,1617,1531,1531,1508,1144,688,180,0,0,0,0,0
1,0,0,107,119,130,174,183,194,193,193,270,393,557,792,1472,2404,2404,2404
2,316,242,135,189,292,568,782,922,923,1071,1382,2011,1847,1612,932,0,0,0
3,2088,2162,2162,2096,1982,1662,1439,1288,1288,1140,752,0,0,0,0,0,0,0
1,0,0,99,103,141,144,148,150,152,152,199,289,392,524,1096,2189,3210,3400
2,231,186,92,97,127,346,518,640,635,679,1097,1763,2248,2876,2304,1211,190,0
3,3169,3214,3209,3200,3132,2910,2734,2610,2613,2569,2104,1348,760,0,0,0,0,0
1,0,0,149,182,223,225,243,315,288,288,315,315,315,315,315,315,315,315
2,281,285,166,133,92,90,72,0,27,27,0,0,0,0,0,0,0,0
3,34,30,0,0,0,0,0,0,0,0,0,0,0,0,0,0,0,0
1,0,0,92,107,163,169,188,265,254,254,293,385,601,806,1421,2639,3602,3602
2,333,241,170,236,478,644,783,849,860,958,1725,2348,2914,2796,2181,963,0,0
3,3269,3361,3340,3259,2961,2789,2631,2488,2488,2390,1584,869,87,0,0,0,0,0
1,0,0,202,255,278,322,383,439,455,455,550,659,828,987,1962,2772,2772,2772
2,417,313,163,175,330,546,891,962,919,925,1937,2113,1944,1785,810,0,0,0
3,2355,2459,2407,2342,2164,1904,1498,1371,1398,1392,285,0,0,0,0,0,0,0
1,0,0,43,69,98,119,159,200,209,210,277,379,513,574,675,799,1289,1688
2,169,122,80,96,261,314,330,354,345,409,475,504,482,673,1013,889,399,0
3,1519,1566,1565,1523,1329,1255,1199,1134,1134,1069,936,805,693,441,0,0,0,0
1,0,0,309,392,402,473,477,559,553,553,781,1009,1474,2407,3025,4481,5077,5077
2,652,484,253,472,614,980,1636,2010,2016,2092,2548,3791,3603,2670,2052,596,0,0
3,4425,4593,4515,4213,4061,3624,2964,2508,2508,2432,1748,277,0,0,0,0,0,0
1,0,0,0,0,0,0,0,0,0,0,0,0,0,0,0,0,0,0
2,0,0,0,0,0,0,0,0,0,0,0,0,0,0,0,0,0,0
3,0,0,0,0,0,0,0,0,0,0,0,0,0,0,0,0,0,0
1,0,0,191,249,254,257,291,293,240,240,288,385,433,529,726,1087,2959,3487
2,495,341,220,305,387,389,316,314,367,414,511,750,1854,2958,2761,2400,528,0
3,2992,3146,3076,2933,2846,2841,2880,2880,2880,2833,2688,2352,1200,0,0,0,0,0
1,0,0,59,71,74,76,79,91,102,102,138,185,266,414,534,726,810,810
2,201,142,105,140,268,387,380,350,324,336,396,529,544,396,276,84,0,0
3,609,668,646,599,468,347,351,369,384,372,276,96,0,0,0,0,0,0
1,0,0,42,51,81,91,98,115,118,121,150,189,279,414,611,847,1119,1578
2,162,98,71,134,155,256,444,451,412,409,605,709,704,1164,967,731,459,0
3,1416,1480,1465,1393,1342,1231,1036,1012,1048,1048,823,680,595,0,0,0,0,0
1,0,0,0,0,0,0,0,0,0,0,0,0,0,0,0,0,0,0
2,0,0,0,0,0,0,0,0,0,0,0,0,0,0,0,0,0,0
3,0,0,0,0,0,0,0,0,0,0,0,0,0,0,0,0,0,0
1,0,0,0,0,0,0,0,0,0,0,0,0,0,0,0,0,0,0
2,0,0,0,0,0,0,0,0,0,0,0,0,0,0,0,0,0,0
3,0,0,0,0,0,0,0,0,0,0,0,0,0,0,0,0,0,0
1,0,0,39,143,338,338,338,312,156,156,156,247,338,338,338,338,338,338
2,338,182,273,195,0,0,0,26,182,182,182,91,0,0,0,0,0,0
3,0,156,26,0,0,0,0,0,0,0,0,0,0,0,0,0,0,0
1,0,0,40,74,165,286,260,237,164,163,175,217,203,197,267,431,789,789
2,328,198,162,275,359,413,484,482,372,248,298,339,376,592,522,358,0,0
3,461,591,587,440,265,90,45,70,253,378,316,233,210,0,0,0,0,0
1,0,0,24,89,196,536,816,823,643,551,501,500,535,570,708,995,995,995
2,400,154,172,260,578,459,179,172,352,430,388,345,430,425,287,0,0,0
3,595,841,799,646,221,0,0,0,0,14,106,150,30,0,0,0,0,0
1,0,0,83,112,119,130,146,167,164,159,208,256,355,499,855,1111,1111,1111
2,264,181,139,171,300,470,514,496,499,552,711,855,756,612,256,0,0,0
3,847,930,889,828,692,511,451,448,448,400,192,0,0,0,0,0,0,0
1,0,0,0,0,0,0,0,0,0,0,0,0,0,0,0,0,0,0
2,0,0,0,0,0,0,0,0,0,0,0,0,0,0,0,0,0,0
3,0,0,0,0,0,0,0,0,0,0,0,0,0,0,0,0,0,0
1,0,0,0,0,0,0,0,0,0,0,0,0,0,0,0,0,0,0
2,0,0,0,0,0,0,0,0,0,0,0,0,0,0,0,0,0,0
3,0,0,0,0,0,0,0,0,0,0,0,0,0,0,0,0,0,0
1,0,0,0,0,0,0,0,0,0,0,0,0,0,0,0,0,0,0
2,0,0,0,0,0,0,0,0,0,0,0,0,0,0,0,0,0,0
3,0,0,0,0,0,0,0,0,0,0,0,0,0,0,0,0,0,0
1,0,0,108,140,150,179,192,217,208,208,270,341,519,613,1135,1337,1337,1337
2,235,179,104,114,222,337,416,492,501,766,936,996,818,724,202,0,0,0
3,1102,1158,1125,1083,965,821,729,628,628,363,131,0,0,0,0,0,0,0
1,0,0,31,45,53,57,64,77,80,80,101,126,186,278,430,825,1454,1573
2,137,84,58,87,143,197,276,291,284,300,399,750,894,1295,1143,748,119,0
3,1436,1489,1484,1441,1377,1319,1233,1205,1209,1193,1073,697,493,0,0,0,0,0
1,0,0,34,90,250,287,301,298,254,206,192,192,201,225,325,516,770,770
2,273,119,184,384,520,483,469,472,477,295,182,194,245,402,445,254,0,0
3,497,651,552,296,0,0,0,0,39,269,396,384,324,143,0,0,0,0
1,0,0,52,76,94,117,193,266,285,277,320,395,439,444,483,678,678,678
2,268,195,164,188,315,351,485,412,393,401,358,283,239,234,195,0,0,0
3,410,483,462,414,269,210,0,0,0,0,0,0,0,0,0,0,0,0
1,0,0,124,140,142,137,174,181,175,175,212,257,386,575,936,1490,2614,3520
2,482,265,141,135,198,434,506,559,544,564,919,1325,1697,2535,2584,2030,906,0
3,3038,3255,3255,3245,3180,2949,2840,2780,2801,2781,2389,1938,1437,410,0,0,0,0
1,0,0,89,100,131,132,131,131,131,131,181,233,358,517,908,1394,2447,2447
2,246,172,106,103,200,272,322,345,345,429,700,1080,1441,1930,1539,1053,0,0
3,2201,2275,2252,2244,2116,2043,1994,1971,1971,1887,1566,1134,648,0,0,0,0,0
1,0,0,84,98,98,98,105,119,112,112,140,175,238,245,245,245,245,245
2,238,182,98,112,147,147,140,126,133,133,105,70,7,0,0,0,0,0
3,7,63,63,35,0,0,0,0,0,0,0,0,0,0,0,0,0,0
1,0,0,44,48,60,73,94,107,109,109,151,228,349,471,736,1171,1381,1381
2,164,100,62,89,178,221,243,269,274,471,850,1153,1032,910,645,210,0,0
3,1217,1281,1275,1244,1143,1087,1044,1005,998,801,380,0,0,0,0,0,0,0
1,2,0,112,114,147,206,257,334,368,373,451,515,633,707,915,934,1124,1124
2,561,346,124,131,161,289,822,790,756,751,673,609,491,417,209,190,0,0
3,561,778,888,879,816,629,45,0,0,0,0,0,0,0,0,0,0,0
1,8,4,74,96,146,192,240,272,296,296,376,440,440,440,440,440,440,440
2,312,152,110,172,198,248,200,168,144,144,64,0,0,0,0,0,0,0
3,120,284,256,172,96,0,0,0,0,0,0,0,0,0,0,0,0,0
1,0,0,157,176,175,235,242,249,245,245,316,399,544,848,1242,2209,4527,4954
2,341,249,98,158,412,632,833,887,887,926,1146,2054,3129,4106,3712,2745,427,0
3,4613,4705,4699,4620,4367,4087,3879,3818,3822,3783,3492,2501,1281,0,0,0,0,0
1,0,0,273,275,281,284,288,293,293,293,301,435,756,1138,1606,2639,4896,5262
2,559,487,214,281,537,924,1055,1119,1109,1172,1543,2623,3408,4124,3656,2623,366,0
3,4703,4775,4775,4706,4444,4054,3919,3850,3860,3797,3418,2204,1098,0,0,0,0,0
1,0,0,50,57,80,94,122,151,163,163,229,294,420,452,568,588,588,588
2,230,112,64,106,128,249,321,341,329,373,359,294,168,136,20,0,0,0
3,358,476,474,425,380,245,145,96,96,52,0,0,0,0,0,0,0,0
1,0,0,82,83,98,109,116,136,153,153,177,166,185,206,293,493,742,2099
2,307,203,145,172,161,168,179,176,159,165,238,392,465,1220,1806,1606,1357,0
3,1792,1896,1872,1844,1840,1822,1804,1787,1787,1781,1684,1541,1449,673,0,0,0,0
1,0,0,71,94,118,142,182,207,215,215,258,336,398,426,536,729,1017,1017
2,247,175,147,217,235,252,269,319,323,401,485,597,535,591,481,288,0,0
3,770,842,799,706,664,623,566,491,479,401,274,84,84,0,0,0,0,0
1,0,0,16,68,90,136,150,195,255,265,253,257,275,270,270,270,435,435
2,337,206,199,176,180,164,210,240,180,170,182,178,160,165,165,165,0,0
3,98,229,220,191,165,135,75,0,0,0,0,0,0,0,0,0,0,0
1,0,0,150,240,240,240,240,240,240,240,240,240,240,240,240,240,240,240
2,240,240,90,0,0,0,0,0,0,0,0,0,0,0,0,0,0,0
3,0,0,0,0,0,0,0,0,0,0,0,0,0,0,0,0,0,0
1,0,0,120,159,154,151,154,172,181,181,229,262,283,313,313,313,313,313
2,247,226,109,82,126,150,159,141,132,132,84,51,30,0,0,0,0,0
3,66,87,84,72,33,12,0,0,0,0,0,0,0,0,0,0,0,0
1,0,0,93,150,195,237,270,324,342,342,342,342,342,342,342,342,342,342
2,324,282,222,183,147,105,72,18,0,0,0,0,0,0,0,0,0,0
3,18,60,27,9,0,0,0,0,0,0,0,0,0,0,0,0,0,0
1,0,0,0,0,0,0,0,0,0,0,0,0,0,0,0,0,0,0
2,0,0,0,0,0,0,0,0,0,0,0,0,0,0,0,0,0,0
3,0,0,0,0,0,0,0,0,0,0,0,0,0,0,0,0,0,0
1,0,0,107,155,182,175,171,171,150,150,183,225,321,424,745,1687,2665,2665
2,353,235,183,274,312,338,377,409,427,526,758,1700,2146,2241,1920,978,0,0
3,2312,2430,2375,2236,2171,2152,2117,2085,2088,1989,1724,740,198,0,0,0,0,0
1,0,0,133,145,204,258,268,333,276,276,389,516,746,993,1889,2763,3293,3293
2,337,264,187,244,361,726,1012,1120,1177,1048,1803,2150,2388,2300,1404,530,0,0
3,2956,3029,2973,2904,2728,2309,2013,1840,1840,1969,1101,627,159,0,0,0,0,0
1,0,0,0,0,0,0,0,0,0,0,0,0,0,0,0,0,0,0
2,0,0,0,0,0,0,0,0,0,0,0,0,0,0,0,0,0,0
3,0,0,0,0,0,0,0,0,0,0,0,0,0,0,0,0,0,0
1,0,0,75,117,125,135,153,196,212,213,257,329,438,576,958,1603,2296,2296
2,179,132,102,133,248,578,635,559,538,558,832,1346,1648,1720,1338,693,0,0
3,2117,2164,2119,2046,1923,1583,1508,1541,1546,1525,1207,621,210,0,0,0,0,0
1,14,10,59,74,84,87,85,93,81,79,94,115,157,197,349,669,968,968
2,170,108,68,77,121,155,197,214,218,236,424,588,673,771,619,299,0,0
3,784,850,841,817,763,726,686,661,669,653,450,265,138,0,0,0,0,0
1,0,0,0,0,0,0,0,0,0,0,0,0,0,0,0,0,0,0
2,0,0,0,0,0,0,0,0,0,0,0,0,0,0,0,0,0,0
3,0,0,0,0,0,0,0,0,0,0,0,0,0,0,0,0,0,0
1,0,0,154,224,224,223,223,226,223,223,294,368,511,725,1348,1905,4049,4049
2,402,306,152,86,153,291,629,831,836,981,1195,1671,2734,3324,2701,2144,0,0
3,3647,3743,3743,3739,3672,3535,3197,2992,2990,2845,2560,2010,804,0,0,0,0,0
1,0,0,110,113,155,156,157,202,203,203,253,398,546,729,1368,2140,2880,2880
2,239,211,100,183,278,387,572,665,664,712,1321,1601,1871,2151,1512,740,0,0
3,2641,2669,2670,2584,2447,2337,2151,2013,2013,1965,1306,881,463,0,0,0,0,0
1,0,0,174,180,190,204,260,282,283,283,365,451,717,1157,1891,3678,4726,4726
2,344,265,97,181,425,809,972,1160,1159,1307,1830,3633,4009,3569,2835,1048,0,0
3,4382,4461,4455,4365,4111,3713,3494,3284,3284,3136,2531,642,0,0,0,0,0,0
1,0,0,157,223,233,233,292,354,296,296,478,543,672,865,2032,2957,3405,3405
2,437,366,267,260,376,501,650,1035,1093,1051,1741,2478,2733,2540,1373,448,0,0
3,2968,3039,2981,2922,2796,2671,2463,2016,2016,2058,1186,384,0,0,0,0,0,0
1,0,0,279,352,427,471,518,609,604,604,734,909,1103,1205,1641,2064,3114,3114
2,681,509,308,417,583,862,1216,1038,937,839,945,1050,1486,1909,1473,1050,0,0
3,2433,2605,2527,2345,2104,1781,1380,1467,1573,1671,1435,1155,525,0,0,0,0,0
1,0,0,109,121,154,157,165,197,165,165,234,304,463,539,887,1273,2924,2924
2,342,212,128,230,261,408,487,517,549,532,826,1020,1176,2385,2037,1651,0,0
3,2582,2712,2687,2573,2509,2359,2272,2210,2210,2227,1864,1600,1285,0,0,0,0,0
1,24,24,95,133,166,199,209,196,150,134,133,161,176,201,331,547,1061,2203
2,232,134,112,160,287,509,704,717,384,277,319,394,587,654,1080,1756,1242,100
3,2047,2145,2096,2010,1850,1595,1390,1390,1769,1892,1851,1748,1540,1448,892,0,0,0
1,6,6,78,105,105,107,108,110,102,102,140,184,252,366,575,751,1244,2114
2,320,164,97,96,182,264,318,377,381,441,553,654,818,1748,1539,1363,870,0
3,1788,1944,1939,1913,1827,1743,1688,1627,1631,1571,1421,1276,1044,0,0,0,0,0
1,0,0,85,93,121,137,177,195,205,205,220,264,356,444,707,1366,2062,2062
2,194,143,71,132,183,346,455,437,367,397,722,1468,1706,1618,1355,696,0,0
3,1868,1919,1906,1837,1758,1579,1430,1430,1490,1460,1120,330,0,0,0,0,0,0
1,1,0,85,95,103,108,141,145,137,135,169,233,318,412,686,1643,2085,2085
2,365,191,133,163,192,275,327,381,383,484,641,1602,1767,1673,1399,442,0,0
3,1719,1894,1867,1827,1790,1702,1617,1559,1565,1466,1275,250,0,0,0,0,0,0
1,0,0,116,177,216,258,260,301,294,294,378,471,772,1073,1329,1707,2463,3765
2,338,231,179,221,312,449,702,914,912,1035,1203,1362,1397,2104,2436,2058,1302,0
3,3427,3534,3470,3367,3237,3058,2803,2550,2559,2436,2184,1932,1596,588,0,0,0,0
1,0,0,110,120,182,216,243,256,251,249,288,330,369,447,649,1597,3575,3575
2,247,181,116,137,191,320,397,385,390,374,614,1057,1646,2735,2926,1978,0,0
3,3328,3394,3349,3318,3202,3039,2935,2934,2934,2952,2673,2188,1560,393,0,0,0,0
1,0,0,85,107,107,107,110,115,120,120,159,197,263,410,540,1058,2521,2831
2,254,184,98,128,177,285,325,353,348,383,482,1161,1665,2421,2291,1773,310,0
3,2577,2647,2648,2596,2547,2439,2396,2363,2363,2328,2190,1473,903,0,0,0,0,0
1,0,0,169,174,214,214,253,297,292,292,382,516,695,884,1292,1885,3320,3320
2,505,327,161,211,489,565,654,774,795,914,1216,1715,2485,2436,2028,1435,0,0
3,2815,2993,2990,2935,2617,2541,2413,2249,2233,2114,1722,1089,140,0,0,0,0,0
1,0,0,111,152,151,181,182,221,213,213,263,367,543,734,978,1265,1850,1940
2,345,216,177,190,269,458,544,609,613,668,822,938,1037,1206,962,675,90,0
3,1595,1724,1652,1598,1520,1301,1214,1110,1114,1059,855,635,360,0,0,0,0,0
1,2,2,35,46,75,103,127,148,143,126,123,131,174,239,324,480,944,1540
2,188,97,85,117,227,239,245,243,241,325,331,313,306,390,840,1060,596,0
3,1350,1441,1420,1377,1238,1198,1168,1149,1156,1089,1086,1096,1060,911,376,0,0,0
1,0,0,54,56,91,93,97,135,131,131,208,291,417,539,853,1385,2794,3610
2,194,116,129,165,345,426,573,552,562,566,655,988,1316,2444,2757,2225,816,0
3,3416,3494,3427,3389,3174,3091,2940,2923,2917,2913,2747,2331,1877,627,0,0,0,0
1,0,0,102,144,185,210,212,256,233,233,322,414,553,680,1049,2007,2525,2525
2,419,297,212,246,248,316,499,586,609,652,827,1313,1705,1845,1476,518,0,0
3,2106,2228,2211,2135,2092,1999,1814,1683,1683,1640,1376,798,267,0,0,0,0,0
1,0,0,188,204,215,219,220,268,260,260,327,400,548,696,1089,2250,4157,4557
2,685,346,156,195,260,380,531,615,620,668,1500,2031,2955,3811,3468,2307,400,0
3,3872,4211,4213,4158,4082,3958,3806,3674,3677,3629,2730,2126,1054,50,0,0,0,0
1,0,0,115,125,133,168,172,179,174,175,226,308,436,642,1005,1629,2789,3589
2,267,193,86,128,238,403,569,680,685,702,886,1419,1528,2947,2584,1960,800,0
3,3322,3396,3388,3336,3218,3018,2848,2730,2730,2712,2477,1862,1625,0,0,0,0,0
1,0,0,58,90,97,106,114,120,119,119,161,210,298,454,870,1720,2284,2284
2,206,154,97,105,179,306,491,601,590,535,808,1293,1745,1830,1414,564,0,0
3,2078,2130,2129,2089,2008,1872,1679,1563,1575,1630,1315,781,241,0,0,0,0,0
1,0,0,225,302,309,308,379,381,447,447,523,738,1027,1121,2338,3403,3403,3403
2,689,460,309,239,454,816,1396,1702,1636,1536,2028,2665,2376,2282,1065,0,0,0
3,2714,2943,2869,2862,2640,2279,1628,1320,1320,1420,852,0,0,0,0,0,0,0
1,0,0,108,152,186,197,217,244,235,235,306,391,536,576,576,576,576,576
2,376,250,202,277,318,379,359,332,341,341,270,185,40,0,0,0,0,0
3,200,326,266,147,72,0,0,0,0,0,0,0,0,0,0,0,0,0
1,1,1,184,187,189,246,245,246,239,239,301,367,516,699,1332,3077,5036,5036
2,828,308,127,186,306,371,564,798,805,920,1377,3519,4121,4337,3704,1959,0,0
3,4207,4727,4725,4663,4541,4419,4227,3992,3992,3877,3358,1150,399,0,0,0,0,0
1,0,0,57,65,71,74,84,110,111,111,134,199,323,471,677,1108,1412,1412
2,193,114,82,133,222,354,474,491,490,453,706,909,1032,941,735,304,0,0
3,1219,1298,1273,1214,1119,984,854,811,811,848,572,304,57,0,0,0,0,0
1,0,0,0,0,0,0,0,0,0,0,0,0,0,0,0,0,0,0
2,0,0,0,0,0,0,0,0,0,0,0,0,0,0,0,0,0,0
3,0,0,0,0,0,0,0,0,0,0,0,0,0,0,0,0,0,0
1,0,0,60,76,112,117,123,129,130,130,155,192,250,287,461,716,1367,1627
2,181,139,97,93,164,314,382,302,295,296,422,591,864,1125,1166,911,260,0
3,1446,1488,1470,1458,1351,1196,1122,1196,1202,1201,1050,844,513,215,0,0,0,0
1,0,0,132,172,177,182,217,249,230,230,281,386,516,647,1037,1431,2485,2485
2,661,339,192,203,293,383,529,555,565,673,949,1128,1783,1838,1448,1054,0,0
3,1824,2146,2161,2110,2015,1920,1739,1681,1690,1582,1255,971,186,0,0,0,0,0
1,0,0,51,65,70,77,91,91,72,72,91,127,172,215,350,509,769,809
2,124,98,63,77,125,152,176,178,197,227,299,442,497,594,459,300,40,0
3,685,711,695,667,614,580,542,540,540,510,419,240,140,0,0,0,0,0
1,1,1,142,149,198,199,245,346,386,386,504,566,727,893,1553,3135,3579,3579
2,371,282,142,246,394,578,816,960,920,791,1278,2040,2852,2686,2026,444,0,0
3,3207,3296,3295,3184,2987,2802,2518,2273,2273,2402,1797,973,0,0,0,0,0,0
1,0,0,45,85,185,194,174,159,113,113,128,150,206,307,425,655,985,985
2,184,105,124,337,414,570,574,271,217,177,315,523,493,645,560,330,0,0
3,801,880,816,563,386,221,237,555,655,695,542,312,286,33,0,0,0,0
1,0,0,89,95,147,172,198,208,181,169,201,274,361,442,672,1486,1954,1954
2,236,155,111,244,276,379,411,419,446,503,658,1017,1164,1356,1282,468,0,0
3,1718,1799,1754,1615,1531,1403,1345,1327,1327,1282,1095,663,429,156,0,0,0,0
1,0,0,99,126,134,165,176,207,220,220,258,316,416,506,724,982,1774,2350
2,297,211,119,140,219,331,454,445,422,438,508,738,998,1844,1626,1368,576,0
3,2053,2139,2132,2084,1997,1854,1720,1698,1708,1692,1584,1296,936,0,0,0,0,0
1,0,0,120,130,145,197,201,209,207,207,258,316,502,680,1086,1609,3312,4048
2,264,189,80,135,280,554,722,844,828,759,1105,1427,2161,2909,2962,2439,736,0
3,3784,3859,3848,3783,3623,3297,3125,2995,3013,3082,2685,2305,1385,459,0,0,0,0
1,0,0,56,70,105,117,133,145,139,139,170,201,250,336,464,602,877,1885
2,217,154,105,216,291,347,335,314,305,332,375,456,508,1024,1421,1283,1008,0
3,1668,1731,1724,1599,1489,1421,1417,1426,1441,1414,1340,1228,1127,525,0,0,0,0
1,0,0,105,111,140,141,145,150,144,144,180,224,307,405,782,1550,2183,2358
2,245,198,108,149,249,335,452,520,491,400,853,1335,1330,1584,1576,808,175,0
3,2113,2160,2145,2098,1969,1882,1761,1688,1723,1814,1325,799,721,369,0,0,0,0
1,6,6,29,60,130,120,99,77,21,27,27,37,77,117,217,327,327,327
2,231,131,148,187,197,207,228,250,306,160,300,290,250,210,110,0,0,0
3,90,190,150,80,0,0,0,0,0,140,0,0,0,0,0,0,0,0
1,0,0,189,142,142,142,142,142,95,95,142,189,283,562,750,1220,3476,3476
2,656,515,234,188,279,326,373,467,514,561,702,1078,2911,2914,2726,2256,0,0
3,2820,2961,3053,3146,3055,3008,2961,2867,2867,2820,2632,2209,282,0,0,0,0,0
1,37,34,94,109,176,210,198,195,146,121,131,166,203,274,509,1039,1823,2313
2,375,229,195,226,268,357,398,419,451,392,661,837,1111,1373,1768,1274,490,0
3,1901,2050,2024,1978,1869,1746,1717,1699,1716,1800,1521,1310,999,666,36,0,0,0
1,0,0,40,66,66,66,67,72,72,72,100,132,223,354,618,1126,1809,1809
2,131,98,88,64,127,242,327,379,379,438,624,1032,1586,1455,1191,683,0,0
3,1678,1711,1681,1679,1616,1501,1415,1358,1358,1299,1085,645,0,0,0,0,0,0
1,0,0,131,207,246,246,251,267,261,261,289,319,361,439,451,451,451,451
2,427,318,198,124,91,109,146,184,190,190,162,132,90,12,0,0,0,0
3,24,133,122,120,114,96,54,0,0,0,0,0,0,0,0,0,0,0
1,0,0,109,114,145,146,148,188,186,186,230,277,327,440,826,1327,2110,2624
2,262,207,96,137,378,597,652,628,563,459,752,1058,1454,1881,1798,1297,514,0
3,2362,2417,2419,2373,2101,1881,1824,1808,1875,1979,1642,1289,843,303,0,0,0,0
1,1,0,73,82,127,180,241,271,261,261,335,383,478,728,1012,1511,1541,1541
2,280,181,117,202,405,454,485,503,513,591,771,1098,1063,813,529,30,0,0
3,1260,1360,1351,1257,1009,907,815,767,767,689,435,60,0,0,0,0,0,0
1,0,0,56,140,202,231,236,245,224,224,243,264,243,244,264,324,324,324
2,324,214,164,176,115,89,88,79,100,100,81,60,81,80,60,0,0,0
3,0,110,104,8,7,4,0,0,0,0,0,0,0,0,0,0,0,0
1,0,0,65,96,141,175,181,198,187,187,238,341,396,438,524,698,698,698
2,169,138,105,152,150,183,291,378,377,337,430,357,302,260,174,0,0,0
3,529,560,528,450,407,340,226,122,134,174,30,0,0,0,0,0,0,0
1,0,0,122,180,212,235,241,233,215,215,224,237,257,278,321,495,759,759
2,323,218,140,139,373,462,492,457,303,118,152,250,334,481,438,264,0,0
3,436,541,497,440,174,62,26,69,241,426,383,272,168,0,0,0,0,0
1,0,0,70,80,90,100,110,110,110,110,110,110,110,110,110,110,110,110
2,110,110,40,30,20,10,0,0,0,0,0,0,0,0,0,0,0,0
3,0,0,0,0,0,0,0,0,0,0,0,0,0,0,0,0,0,0
1,0,0,153,160,229,235,304,314,318,318,466,752,1375,1631,2123,3442,4593,4593
2,391,240,158,302,489,919,1792,1817,1627,1519,1756,3025,3218,2962,2470,1151,0,0
3,4202,4353,4282,4131,3875,3439,2497,2462,2648,2756,2371,816,0,0,0,0,0,0
1,4,2,101,117,124,132,139,163,153,149,148,167,194,208,253,672,1186,1186
2,311,240,151,176,230,246,270,236,210,192,268,739,753,978,933,514,0,0
3,871,944,934,893,832,808,777,787,823,845,770,280,239,0,0,0,0,0
1,0,0,71,124,178,194,233,292,245,237,261,285,361,467,650,1177,1237,1237
2,268,195,182,342,432,451,413,400,445,421,576,942,876,770,587,60,0,0
3,969,1042,984,771,627,592,591,545,547,579,400,10,0,0,0,0,0,0
1,0,0,106,124,149,156,172,213,206,206,238,284,365,424,630,952,2113,2356
2,402,264,185,263,335,394,429,407,355,303,363,695,815,1824,1726,1404,243,0
3,1954,2092,2065,1969,1872,1806,1755,1736,1795,1847,1755,1377,1176,108,0,0,0,0
1,0,0,68,87,136,181,182,207,193,190,245,299,386,448,581,772,1262,2030
2,264,154,130,212,335,473,605,609,583,488,465,435,492,1093,1449,1258,768,0
3,1766,1876,1832,1731,1559,1376,1243,1214,1254,1352,1320,1296,1152,489,0,0,0,0
1,0,0,131,147,180,196,196,235,194,194,259,345,489,610,892,1537,2594,2594
2,310,248,133,172,230,326,449,570,611,646,865,1229,1523,1984,1702,1057,0,0
3,2284,2346,2330,2275,2184,2072,1949,1789,1789,1754,1470,1020,582,0,0,0,0,0
1,4,4,51,72,87,92,98,106,99,97,113,137,175,211,334,524,916,1416
2,192,107,85,119,155,206,246,208,213,197,290,416,401,767,1082,892,500,0
3,1220,1305,1280,1225,1174,1118,1072,1102,1104,1122,1013,863,840,438,0,0,0,0
1,2,0,130,131,156,145,168,179,91,91,91,113,137,161,255,654,1389,1389
2,415,320,117,143,184,311,494,483,396,176,242,368,505,1101,1134,735,0,0
3,972,1069,1142,1115,1049,933,727,727,902,1122,1056,908,747,127,0,0,0,0
1,0,0,52,76,76,76,76,76,76,76,76,76,76,76,76,76,76,76
2,76,76,24,0,0,0,0,0,0,0,0,0,0,0,0,0,0,0
3,0,0,0,0,0,0,0,0,0,0,0,0,0,0,0,0,0,0
1,0,0,0,0,0,0,0,0,0,0,0,0,0,0,0,0,0,0
2,0,0,0,0,0,0,0,0,0,0,0,0,0,0,0,0,0,0
3,0,0,0,0,0,0,0,0,0,0,0,0,0,0,0,0,0,0
1,0,0,168,168,177,229,229,234,285,285,290,402,514,682,1314,2000,2378,2378
2,305,234,122,122,225,387,703,861,810,810,1248,1770,1864,1696,1064,378,0,0
3,2073,2144,2088,2088,1976,1762,1446,1283,1283,1283,840,206,0,0,0,0,0,0
1,0,0,49,68,84,92,118,144,160,161,243,360,453,533,709,861,861,861
2,161,107,75,104,164,289,471,533,517,580,618,501,408,328,152,0,0,0
3,700,754,737,689,613,480,272,184,184,120,0,0,0,0,0,0,0,0
1,0,0,228,227,235,242,313,318,314,314,437,510,722,996,2028,3083,5199,5654
2,694,414,183,309,485,742,1060,1183,1187,1253,1795,2513,3177,4658,3626,2571,455,0
3,4960,5240,5243,5118,4934,4670,4281,4153,4153,4087,3422,2631,1755,0,0,0,0,0
1,0,0,0,0,0,0,0,0,0,0,0,0,0,0,0,0,0,0
2,0,0,0,0,0,0,0,0,0,0,0,0,0,0,0,0,0,0
3,0,0,0,0,0,0,0,0,0,0,0,0,0,0,0,0,0,0
1,0,0,124,195,285,391,473,510,515,515,637,718,612,530,530,652,748,748
2,252,276,245,377,463,357,275,238,233,233,111,30,136,218,218,96,0,0
3,496,472,379,176,0,0,0,0,0,0,0,0,0,0,0,0,0,0
1,0,0,96,156,207,278,333,366,381,363,428,513,675,808,1047,1601,2331,2331
2,383,257,193,232,489,528,514,527,512,577,781,1023,1426,1523,1284,730,0,0
3,1948,2074,2042,1943,1635,1525,1484,1438,1438,1391,1122,795,230,0,0,0,0,0
1,0,0,197,210,268,277,293,369,357,357,481,602,781,968,1661,2010,2010,2010
2,395,273,136,252,379,601,775,824,841,1058,1382,1408,1229,1042,349,0,0,0
3,1615,1737,1677,1548,1363,1132,942,817,812,595,147,0,0,0,0,0,0,0
1,2,2,66,93,148,245,263,204,152,148,160,177,197,232,324,627,993,1269
2,210,139,113,371,388,407,353,347,359,229,244,301,486,758,1050,777,411,135
3,1192,1263,1225,940,868,752,788,853,893,1027,1000,926,721,414,30,0,0,0
1,60,60,105,192,288,262,243,175,61,12,6,3,23,45,121,263,483,1275
2,491,358,317,283,260,514,526,506,444,251,191,216,262,438,869,1012,792,0
3,724,857,853,800,727,499,506,594,770,1012,1078,1056,990,792,285,0,0,0
